Video ID,Title
-Ph_dpS7uy0,
-PnG3gVmxTE,
-TXzDyKw4ec,
-UyxkxvJg0g,
-Xrx-UBaSKQ,
-qjrCfNMLMA,
07U-bFB65y4,
07a8Iokrv7g,
0Pkfv2vhtzc,
0ZvuF0WxMeY,
0ap8sJ0zdSc,
0lVmMD_xLLU,
0mGe9PYkzmo,
13REm0jje2Q,
15-qDiU8Id8,
1B8LuwrTu0o,
1TtgRpoL2J8,
1_MLaGc--NM,
1grlSqDqNpg,
1iUmt8gMJGs,
1n2deFJqWtQ,
1sHIRWJqjxE,
2Dx9dE7Vej4,
2Gd6-EjSytU,
2TclNe2wH5o,
2VV9WsyKW1c,
2mA2N0ChBOQ,
2oKQ8rjzR1U,
31C5-s4K92Y,
31UaDgvtzCs,
34MD7v-W2x0,
37-Tqsy36Lw,
3NU1eAXfHTg,
3OhF3Cu3vCk,
3Qo9vJQ3qH4,
3TnUvAK1oRU,
3vf7KcedR1k,
3zFFS0TfaKk,
46QBGLz33FY,
4BB_pebGQ4s,
4Ix3JxXTDRg,
4O4QOaie4ls,
4TblgG0mntk,
4gIlcyh99IQ,
4jME_P9nipw,
5B2yCBpwuTs,
5KfiM9McgKs,
5MgNms5MdC0,
5ZF8qwoEfNc,
5cp7Z3Ec6GI,
5qi9TczlHCE,
5uTYFXbN8q4,
5y6iPZXC1CM,
5zr6Jbx9FKc,
60L-yeJb-BY,
6BhvFK-vnZA,
6IBGMDrKWfc,
6RGdWynHp1w,
6TTH54OcM4U,
6WrHuGSaEGA,
6cAG5xQIt5s,
6kpLZ7lcAzU,
6txyPfAchKY,
76A7yAd5ycY,
7EcgdZLg-wo,
7LkbOnmOYJY,
7QmLZlETQio,
7VFG01Nrz54,
7WmKjc4jtqU,
7stPE-ccTtE,
7t8BqM_p7BM,
80L_2taK60U,
8W0AIlT1fNk,
8Yr0v8BE3SI,
8esLf1v5NQ8,
8j-KEj17J9w,
8mA3r7HdgAI,
8y21gJzmyF0,
92VCgknjW6A,
9BJG_mRGkwM,
9OVTGN1z5Z4,
9efYC1klBco,
9h-BrGnbbz0,
9m0xniR3UZY,
9qHSUYN99YA,
AOI5v3LCXVg,
Ab5fNzy01Co,
AcNIMoq78bI,
AoTeQnYC_Rk,
ApyQkFpjjFw,
B-kBExtvW_I,
B2H3ScBO9Co,
B2t35D6FjP0,
BA92o-bFmeU,
BIRWHBDGlbs,
BLu5hic3s7M,
BQU5XvNF0Ws,
BdyQ7CV78hQ,
BlqGBvgmGWE,
Bowyl9C3GD0,
C8WgJInwpZ8,
C8bF1bJb07c,
CBWoG1D7R5o,
CEUd_oi0_34,
CJjqKdUmadU,
CLTm8Jva6ZU,
CTQ7IAW-ipM,
CdLoSCFf_I8,
ClOYb9iJW7g,
CqNmoYSETCc,
D18tKa9TO2I,
D1RZjwhyti8,
DIL6vCGkS8o,
DMWwF_WoGSU,
DQbvQJYBMt0,
Dh5TtfS-dr4,
Dlfy7o8viSw,
DmenIE0Dpxs,
DsZb2LRnOIc,
E2SrvB4EHr0,
E2f7yjAorVU,
E5alkN5Ubg8,
E6Pk5RelQDI,
E7fdBhBPU_w,
EGudx4C9nQc,
EOCshzm2BF0,
Elyf3hw8yf8,
ErbcwR_0IE4,
F9b6131hpVo,
FFXYxwdgFnc,
FKFJ_fZNwjI,
FUK07SUCzQI,
FYvT_pJuk4Q,
Fav53yHjLPM,
FbtREjpaXuw,
FeEnzo66kyg,
FjEpni4WIZk,
FyDsvc5nmjk,
G9sq0jXhAvQ,
GS2e73PuorY,
GU3i_PMFUtU,
GYrAG7IQmnk,
G_JOoYfJQ9E,
GlmVgxNqsPw,
GpHp1IOQblM,
H4XrDsm7uZo,
HAeuLIUJBDw,
HLZr27nj_Ag,
HQJAx5XSuUI,
HS0_jxpfbqs,
HbMHacExP8g,
HxIZ-LkoBFM,
I6okqF9Ykrg,
I7N-7Hyv848,
IABkDTidQ-s,
ISePuVV73ho,
ISwN1Xa-6X8,
IolbKiG4ldY,
J6SWUPZnSmA,
J6b1nwqjNYU,
J7NfnTQtwKI,
JHpCT_BJ-5U,
JKpiFW-yupQ,
JMt_v6Mas4c,
JZyzuspnvz4,
JbvNVJuk0Do,
Jh8hfmOFLzQ,
JuUI6HOId74,
Jv5AKw6gwXg,
K-t4_-urdrs,
K1hzoVhMU8c,
KN6PFTJ2OF4,
KQL6XzIWZgk,
KRuR55RiJtY,
KSOeDcq4UGM,
KdWCpp5y56g,
KykHmxXBiAA,
LDsvhfWP2Vg,
LcEC_gGW-Gc,
Lw7nZNFiFpY,
MAK2Mtce9gw,
MFAWbTdZt4Y,
MICo_jH8dMQ,
MTXNvSFRZbU,
MZgCYXrWLco,
M_30iuWO0D0,
MhkzFw8v3TU,
Msdj6HL-XRw,
N1-CTdcyaF4,
NDq1gD3VjOk,
NXbHqCWVl0k,
NahksAz7MJQ,
Nb1mpv8pqR4,
NuGwy5zbhiU,
O11q11OoZnI,
O5i79ynLHOs,
OJid00BG2n4,
OMCkt6W42_E,
OjhSwV3IICo,
P00_2sBSOck,
P1XEJI9mpdo,
PB9sBxcFcgM,
PPKOPgHp_2Q,
PQwUT_3hLUk,
PVLgBxYQfHM,
PXSXsD1D3fM,
P_e-thKtPAk,
PaYKl0YIAos,
PaenKRvk_Uo,
Pw0i8s4fh44,
PzeeOBWpTV4,
Q2IeuO5DaKM,
Q8BWB5GgeMY,
QF2RsgU0os0,
QGD8QJYangE,
QPW1nzUwmS8,
QTfYELI2yyk,
Qcd6xUYyoog,
QnhuwJGqEYA,
Qubb3hzMH8k,
QyzUEC_Mg3Q,
Qz0eVmq2-s8,
QzLbKfDrdUI,
R8-THGKmTkY,
RAE8C0iEoRQ,
RCVMG_Yb0QA,
RQJH6hURgrw,
RRKgduuij08,
RZqI3ih-t0k,
R_SJjbet5pI,
Rgs0TnSgeTA,
RrbEF4pjvDc,
RxjjKHCxuow,
S1qOIJt5U54,
SAisR_-XCzk,
SHGP9IPR1Es,
SJpA-4PWV9c,
SNzOEc9MhaY,
SQFSVSBdPeo,
SfBUIZcBDz8,
SvUA4DsYQwU,
SxxZIGUg8Ag,
TRrcyVoCg5k,
Tq0OUbQwYII,
U2F15RTmTOU,
UCrDSHT_eYQ,
UHrq172dlTU,
UeFkCFsJvKQ,
Ui661tdiSWQ,
UtbFe_j79VM,
UvsWI7XiGmU,
UwK-LCRyvXE,
V-zt_Blu6Wc,
V0nFZLm6Hnw,
V3-U_7KOH8U,
VERZrzrYm4w,
VQxBQjuVH1Y,
VTfuOLO1i6M,
VVZvgXmXggk,
VlJLsgSJOMw,
VqXTuTTJUaU,
VyrD0NsXe8Y,
W5M61rDRf9E,
W7JO5gw1OjQ,
WDGfBfitfC8,
WFipubHGXTE,
WFlAutyo-Q8,
WII0ZrGj8-Q,
WIRbz8uDpoU,
WM_Xf-6Gilk,
WQTCdENLSN4,
WdIOHdGx2xo,
Wegbz7Jl3pw,
WfFaPvBlhBA,
WvvOvGwQC6Y,
WwP0JvQtRqM,
X9oLfmcRSog,
XEIgjJ_-eLY,
XGHwz0tRcWo,
XP1r9UUltho,
XagyK02CaX4,
XtKsyJ0w1E0,
XwZPQ-Pr7Yc,
Y-ndVYTRMi0,
Y5q06HVEjkY,
Y7Vr0ne96yg,
Y8MvJNUJYyg,
YRA9MUsgZQ4,
YUT-p2so_k4,
YmL69ouEm68,
YvF9RVTQCzg,
Z4tCoXkcXc4,
Z5sfov9QSW0,
ZCZKeIyy8no,
ZDihU4UKg74,
ZEbLzWHeQUA,
ZMDtWaDwobc,
ZSZXn4Njzac,
ZTEtvMoUjas,
ZY1ZE5My9LA,
ZaH5zVWfsOE,
ZedRg_TvvS0,
Ziez_8Z_H0c,
Zkm2ZpzGAts,
ZlbqxqYlGnc,
ZnwsQ2y1WPU,
ZyySEUze1nY,
_9PFnfgxUxc,
_HI-NzSu_JY,
_HYa-yI67sc,
_QkUGWf2ZPA,
_XjLzPivKp8,
_ZnzaOXeRGo,
_dNxcodToLY,
_p51VrSqx8g,
a6fxJ3R_2XU,
aLpSnBudAyU,
aNkAbpmbsUg,
aUgWhUkkzr4,
aWamvhd9Y3U,
abqiilQA0uo,
ae6S9i6dXAk,
aq8gsMM2Mw0,
ayLjRDho4Mo,
b4PK94yRJns,
b6wB_4yxRXo,
b6z-KD0hFbI,
bBA2XyWxMGM,
bBdiuYS2GdM,
bHNTLlz2K-4,
bKrQSXGKdlI,
bLfl7neBx7M,
bWXRbrtNWas,
bkkZIjNKbEA,
bqP15s4EOx0,
burT--hkwfk,
bxHVBk3hRZI,
c9hPYodXmps,
cJ1HxAP0W2U,
cOCGJ-xanNE,
c_ptAkcdTWE,
cazXRL_tEXc,
cizZU4cp398,
cjIhInZsvhs,
coWfGIQIU4o,
cqrHWaUw4RQ,
csmHZsRVpns,
cxL0FbTASVw,
cxNXgtnQpTU,
d5nJqwFKKJ4,
dAE1zxucTTM,
dIEhveYFra8,
dPBXhgZqGeg,
dWPVoxumJ-U,
dZKxWeeY2xM,
dfKBzlHo2cQ,
di2JQEbJ2ow,
di5-6lu3_8w,
eFubqQDOB9c,
eKfAxEk034A,
eOIzf_7S2_4,
efRorhCZcfE,
elNkSDAiwbE,
f36snron1Gs,
f9s4R5DyMdA,
fDR2LKuwrSk,
fZwn3DvC85o,
fauORXiOQh0,
fpRwJv3j-Pc,
fq17HUxkTZ8,
gIhH3naEoAE,
gV2uSuBMumw,
gVckLs-ze0I,
gX7HSNtLuO8,
gYbxBz0uWPM,
g_VE4N-JFnc,
ggVUD8kHH_s,
gsfOA8i0YJY,
gxHui0NfhwU,
h8riAeGh48U,
hC0AqmtPdg0,
hGdTFmxCEdw,
hKTW-4FVYqA,
h_lbpLvqpKE,
hhqJ4x8eGNA,
hjU9wjvGIYo,
hjv8yTkpkh4,
hliLIwfryLI,
hpucg6Pu5O0,
ht3CONCZ4O4,
hthbf9YvLr4,
i2vVj_rSwXo,
i76A3xsla7g,
iAIVKkIyykE,
iAP6VPwbhCA,
iZKEFQJkiBM,
i_a5CKPt1MY,
isG6V7RcF7E,
j0uf1txDObo,
j5VP64V6L2s,
j71q6rVd1Ww,
jCE49DcrQio,
jHJgV6JQVd0,
jJH8zfyoBiA,
jQFhuq0UaBo,
jZvZcT8n38c,
j_KMiIIdw4c,
jadLfnv627w,
jeWWMvJHdOg,
jhtC5NCxuWo,
jujdEYjc7E8,
k4ZvHRnguzI,
k9DrmL2iGDU,
kCD1VBUuMiQ,
kIDa5yEq6r8,
kJyp92xpKTo,
kUri6DWOAVk,
kcBPurTip5M,
kiiy3jo5jlw,
kkLwrHy59BQ,
kyFYD_or_1o,
kyJlZPrlI3Y,
l7HtV08b_Xs,
lDSUURKfzo8,
lLmCZgLYGh0,
lQfXtPOWnXo,
lZbJIQ2YIfA,
ld8X5wxub8g,
lnGlomz6pLA,
lshldPpgvUU,
m5eZgHGqotQ,
mFc5m2lzSYA,
mFynArHDBh8,
mSMO9bqx01U,
mUExAE8nRcQ,
mYdg6BVNhzQ,
m_Zxf6ZVySQ,
mfFwPtVssnE,
miriYIA-XhE,
mpED7YgYkpA,
n87ynPBViJQ,
nfAFPV9r3tg,
niObRtJh5iY,
njkm0M9GF2g,
nl-ijNfh-20,
noCSpgQp640,
nq_xjPlnJXg,
o4P7Kr17RX8,
o8qudSxCxBw,
oDnqDg7Q210,
oGpnLayurvo,
oIUOtBL-rlk,
oRmSV8OUzq0,
oXFlvf-k0-M,
oX_f7RjNMUo,
onJR-cfF0l0,
os00ZR7WxkA,
oyfW_3ZDdVU,
oznORWDp8sc,
p4EX3gi0wVc,
p525Vozy_wQ,
pKmfJ5wkKMg,
pRb4amjL9J4,
q-OaBWKR2Go,
q5BvmcEdu1c,
qHL7SitSJ8c,
qOFfvren_hg,
qT9QeyvMc7A,
qTzVDFyFKDU,
qbwiNKOk61U,
qgFK6k_OVfc,
qmOJ3LFhiLI,
qp4LSRHKTuI,
qzNSX3ftKiw,
r4DYB-1FZ68,
rBXLlIMExtQ,
rPeuhqqdH-4,
rTEg3zU0F2o,
rW7FcTmyTds,
sGt9aSto1XU,
sTXi-vXaACw,
sUxQkK3stgc,
sfCuwjAb8eo,
sfLeYSzqZNg,
srSJi9KVszg,
ssSJwcMOiDA,
t0AU_DTOvm4,
t5zGiMdHWxw,
tG66UwQetz0,
tIzUiOj5XO4,
tM2QLzrsiCw,
tMJG9Y32MFc,
tOa5ylGsvvc,
tTxFOzm11hM,
tqFb0g5QHLs,
u0UHxJdDmmY,
u2xfvqnTI6E,
uHPoghkbrqw,
uMa5R6FyMSU,
uPLjdNoam_I,
ufFa5xBYPd0,
ujOT6HrbLlc,
uoD6YhW35XA,
v02JWAR5g38,
v0WB3f7ptrI,
v0a1xl5wK0M,
v75FUY6T8oA,
v8xCLC0KlZE,
vIRiZrBZVmo,
vJyvHzrfIKQ,
vLE0HEzlPL0,
vU143YrHkBQ,
vV6KIi8oRMw,
vYM_wzVs2rI,
vkHgR2feUYM,
vvK9PYAFvsA,
w8emh_4QfqI,
wHah89QCxVg,
wMblToYoWzA,
wNIrk5sPMrU,
wjZjx5Pk90c,
wqYwu59lYDA,
x9snCvuGnbY,
xK5ZE9I1McM,
xPeQjdDJ7gw,
xQLd_wfY1jE,
xXtMYcdTvDo,
xe_Bjxoe5ts,
xjg08TXloCc,
xw32LowV4eE,
y7ktkbXNPPc,
yCbV9pkyikE,
yFTBD-jNfBI,
yYPLkGsjMt0,
yYR00Hqjjhs,
yj2jji8FhhY,
yjCQQg-tE1g,
ylTQVs6rVyY,
yqfq8FoQqGE,
yxwic5gZTn0,
zA-2KYUfJjA,
zAFoyBzSVCw,
zC3MzMSmfuI,
zCpFMNi_K8Y,
zGh27tIdHFs,
zKe5QOfBlhE,
zTMv11kwc3I,
zb6v5-nDt7E,
zfkzhI7M_HE,
zhf39UcFkzs,
zq-JY0Mhagc,
zsaYVZi2xfs,
zuCqJcIB6X0,
1C3q7DNLxE8,
36p3ZqbeR34,
54lX1XMSC90,
6UGPY1X_vFQ,
HYRb0tG_eq0,
Jd8PVcCS5Mk,
ND-4RgakhJw,
afmSy7qAUxA,
m_sVt6LkYls,
p-lmsciP2xE,
-2kCKsGg55I,
-FcOz6b5QBY,
-b7g0lpZ8xI,
-jn71fiHN78,
01yAtHPv47k,
05QHarohBKs,
0J2FDSf32Lg,
0NDKxFcRgGI,
0UQ_zD2rkdw,
0UpWIPOn8DI,
13KtRSxrqhI,
19uiD5ZU6_A,
1KM1bbtl9ns,
1WoF6OGnYY0,
1fF6_gBcJ00,
2HdMot-FsWA,
2vz3hinTIoQ,
3FH54blLrAI,
3HrU0qyzd2o,
3IsNF7Os26E,
3NcYq4vOlB8,
3Z9D2Yo7NHY,
3cY7PwUMgmA,
3ne1sonRmuo,
4kLYltL1Flo,
5AYVeAo4d0I,
5KBV4A9oykE,
5QgnUwyqJn4,
5bpzKXH9x8E,
5nlhnD3-I3Q,
5u3-LH8ex_s,
5w7mW4hf9jA,
66trss8FSvw,
6DJ3lq0HX1w,
6j9-Qjy78do,
6rJE2DdVOfo,
6rK_jT76EJs,
7lc5qPiakjQ,
7lzJZJtaYjk,
8VoW6itIaOo,
95f-qkPdfWw,
9dh1hbTLCZc,
9ql4bknDIvc,
A6luYTR0hEU,
AI8oYLu4PPY,
AjsFvKRc-_s,
BaMvCht4pec,
BkyBUk2hYHE,
BqZERGA8Hs0,
BvgWoutHWD0,
C10lZkJTZkA,
CMI-0NFFmLE,
Cbpxu9U5-o8,
CeuS2_PGgpc,
CzSwVquqhVw,
D3VoOj9UVQk,
DIVVZlKId-k,
DIo0EFt6fCU,
DszEdwcS2iI,
Dw3pioLQDKI,
DyXviNKMyTQ,
EJ3u-mQkdwY,
EMur3484nKs,
ES_byG3R9-k,
EcypP7PYNng,
EhMc4lRG6wM,
F-DmGlffHIs,
F2Glcj-lpb4,
FaWh92DBkCk,
GAVe0jVqJ1Q,
GE28lKnwnXg,
GKNCDuRJmiI,
GgvU8eI0T9A,
GhGTZ9TKBtU,
GoNU8Xg_Kg4,
GsywjIyciAA,
GzCHN2m6UoE,
HHxpQ9KcKHo,
HSSqVm2m_ME,
I-hK1YRsQNU,
IC5hn8SA2-I,
IKZcAuKEtsw,
IUVQ_S1sUuk,
IUeOvry7818,
IfpbFXy5UCE,
J0ZIAYdm5p4,
K90pOywy-SE,
KS3NY76vhUA,
Ke14lKZ6vYQ,
Kr6AWVObBx4,
KvmczHPxqPg,
M5MoaPhV4Oc,
MCZjOxJYhXk,
MHp7yxjeD6M,
MOPIizvf7nI,
MXAcbz7U8hk,
MrltVBHrTEU,
MzpAQGQjmHg,
NFykAuxKVZA,
NMOjDMYNqUo,
NRsNKC9CnfI,
NdJ32BkyU9Q,
NlCECBNDY50,
O3iWnOhwF-Y,
Ov4SJZ50QFo,
PBycRJu6poQ,
PGPVXR13FdA,
PLoAYFDKHAo,
PibcUmqqyUg,
Pk69253pdFQ,
Pq7Sn6rbcgM,
Q3DW0OyfJT8,
Q9pIuk2eLBU,
QW29czNUBWY,
Qg-yOasnAME,
QgsO8fpVo3c,
QroxPYRyRoI,
R41IFLFN2bo,
RX6NF89UQTY,
Rc3lO9NeWc0,
RtP-d4hsq_Q,
S3AqPLblYzc,
S6KP3JzZy6c,
S9XnmFGK9jw,
SQbwz4cEi5c,
SQrLjzozZDg,
STGsWYH10lw,
T-rdpLeerag,
TMlSTIJAfR8,
Tc2NfehkmMI,
TzRI4Qs1YYo,
U26ZhnIGPoc,
UB_F4rsv1jI,
UHqZ7u6jM3o,
UIMmagLpoPY,
ULYiSJWFiuc,
Ujdc0tgQdck,
VJ-T83XN4D0,
VwSo72vemi8,
W3my3jrhpwM,
WQo1pwglhzg,
WqxBjAjVrtI,
XYEkPnD-G3c,
XZcdNuH6nc0,
Xkae4H51UCE,
XlzvnlCNCEA,
XoOOWHapQe0,
XsKE7aSwwdc,
Xuy1z-AFz5c,
Xypc_FcV5H0,
Y4nMWbtnCkk,
YNq2jRH2aPM,
Yf2CI0EDO1U,
YfjG7fo3y4k,
YjFp0Qdgfd4,
Yri0MVUI878,
Yw5A6u4hAUI,
ZMl9A1yX0GY,
Z_YfnUv_AIs,
Zb0xm6ZMLM4,
Zv7J91_fb24,
ZvHZoXJfQr0,
_0H69p4ilNE,
_38DA87hH9k,
_5wn1qs_bBk,
_EhyrG0hg44,
_KhQD8PxXdM,
_LQua3CTyAU,
_erYSE0hVm0,
_rLCEDH_FmU,
_sAuoV7zIGY,
_tOSJn5KPzM,
_xzNJKjExoU,
a0w99vI9JXA,
aBZNOQFCPbo,
aHAr-kHlqPQ,
aHoVepfy_bw,
agbLbBZVi-A,
ajE3iglHcOk,
aytlqvkTt8M,
bSiiwnrGRO0,
bWPIcwFWzhI,
bhrBDP50pEU,
boZIofptQiw,
bqrvZfxgCOI,
bv1FINZsM0Y,
bx3V92ou0lk,
c4qkPMSRqGU,
c617_9wUhFA,
c8os4J8zGeU,
cKV6vBCYpAI,
cY2Ab0czHLQ,
cczB8b-nP0w,
cszFzh_nkWg,
d1FbCMuuO4g,
dOm0KyfjlDE,
dYWTCEKZPg8,
dpuVT0Ahfw8,
e6tujIkhaRw,
eLOcKayL5EI,
eVDfOjIiUg4,
eZVv2AOCnaA,
f7ezKT-xsc0,
fG7ATACuXzw,
fMC393AaYf8,
fVXNBvgAcfs,
fb1x_BZFNpg,
foqPIi92bQ4,
g-sECH3TJWo,
g4c6iGYLFqs,
gWe6wjcjGRc,
gWwxg_iHVFc,
ghSB6pSjsqA,
ghVHsxMM3jg,
h2JACZ1CgL0,
hBDGCQmpqyA,
hWqhNAQplVk,
hdgimSRGmtw,
hj5ext0xp0M,
hoeXXGtRAbc,
iAHwe_rZ3NA,
iHyUPv9sd8g,
iaE7H6vKiNo,
jCUbvbQuPJw,
jI2_yFCyxDs,
jSDh7-kSY_0,
jakWziyHsv8,
jbtH5DohF0w,
jixRjRfc9wg,
jl3loGx4YUU,
jzhD4xaKykI,
k95WsdAvzxQ,
ka0-G752j-o,
katVoKASoR0,
kivrear7ZfU,
kjI_GnPRYfw,
kjdVeKQkJVo,
ksK4oCjHOSM,
lX1oUNiZdw4,
lhg_UTVA6E0,
lobBY9lonsI,
lzagwmC3Ad8,
m6l2ggo4Pbk,
mRKIdR_cD8w,
mgO3Ny3_GJo,
n7ok0g8iwJI,
nCRhdUtKzw0,
nGz3PGPwiS4,
nRkwrwAcbCY,
nwyqxKQXAoA,
nyOtygooaYU,
oDEbcjasl8U,
oMFvWE3DpBs,
oYwOpflOH2I,
ododARa3Qnw,
ojhWhBe-epw,
otPJvJHwB-o,
oyfNnH9pE0M,
pUd4RJQjIXU,
pnsDfugIEAo,
puwqtcnhF8Y,
q1etkUpO76w,
q35lmRO2TA0,
q6CqnYdNYVI,
qVQ2KSHqXA8,
qYiOfOYwkrc,
qaG7Yhilo-I,
qiHs1WUr9MI,
qylG7zcuIDA,
r-oaGu-wmZU,
rCCoTyDXy2o,
rDzKPk4hotw,
rF7v9c8F86g,
rOSlKJ_XKmo,
rVr7xqLBeuc,
s-YC7C5o9vc,
sBDbOySd0nI,
sFNe6GrrLsA,
sKGNYZn2KKM,
t0m58WyZxvo,
tRNUT1N205E,
tZtufmPIPPQ,
u00RGoNT4Rk,
u2fLNDcuIk4,
u6ZwRe3MSPk,
u8WJZx-Di7s,
uJXeOKLjeyA,
uVdljhIsNEY,
uh9jeUTBkpI,
uitJPGMdiB4,
unwz-6sSvnI,
usTCGORwStQ,
uvovQTzpBS8,
v133sU7W_MU,
vVnmk_03mpw,
vW48-L0yuSQ,
vZVgVK45m6U,
vpLJivCxUNY,
vsJg9DCE_Pw,
vwImK4Qq3uI,
vzPVsFUXvas,
w0H9b7K-60g,
wSYk8V-KRiY,
wW42dPu7B9U,
wmHZE5rqwi4,
woIPguJLGiw,
wwkpLpm6gE8,
x1pyLMoSnkc,
x4Z6wCMdijU,
x4ozvV1veDI,
xEb5b4trCqE,
xGc5j7c74nk,
xPhDD-Q_5KA,
xbm2qWEjgxk,
xnDM0kVtZqk,
y8Dffqzdzdg,
yO6Xrpvq4Ac,
yYn6dYv6ZFE,
yZSmlNDepZ4,
ycRydhQvOiM,
yhKt7j6YRo0,
yp-jxBAHY9o,
yxjpSkSMTaI,
zD246ig0-gI,
zFkR1A_vXf8,
zbfShLmo9oA,
zdsDnjddCXk,
zoUWNd7A8-0,
zzqJ1F8n_kU,
